{"cameraMode":{"drawMode":0,"name":"Shaded","section":"Shading Mode"},"sceneLighting":true,"audioPlay":false,"sceneViewState":{"m_AlwaysRefresh":false,"showFog":true,"showSkybox":true,"showFlares":true,"showImageEffects":true,"showParticleSystems":true,"showVisualEffectGraphs":true,"m_FxEnabled":true},"in2DMode":false,"pivot":{"x":26.548274993896486,"y":14.699999809265137,"z":58.14557647705078},"rotation":{"x":0.02456066571176052,"y":-0.04707297310233116,"z":-0.0011658606817945839,"w":-0.9986154437065125},"size":40.73059844970703,"orthographic":true}